{
  "unit": {
    "precision": 1.0,
    "recall": 1.0,
    "f1-score": 1.0,
    "support": 10,
    "confused_with": {}
  },
  "recipe": {
    "precision": 1.0,
    "recall": 0.9907407407407407,
    "f1-score": 0.9953488372093023,
    "support": 108,
    "confused_with": {}
  },
  "number": {
    "precision": 0.984,
    "recall": 0.9609375,
    "f1-score": 0.9723320158102766,
    "support": 128,
    "confused_with": {
      "ingredient": 1
    }
  },
  "ingredient": {
    "precision": 0.9583333333333334,
    "recall": 0.71875,
    "f1-score": 0.8214285714285714,
    "support": 32,
    "confused_with": {}
  },
  "micro avg": {
    "precision": 0.9887218045112782,
    "recall": 0.9460431654676259,
    "f1-score": 0.9669117647058824,
    "support": 278
  },
  "macro avg": {
    "precision": 0.9855833333333334,
    "recall": 0.9176070601851851,
    "f1-score": 0.9472773561120376,
    "support": 278
  },
  "weighted avg": {
    "precision": 0.9878369304556356,
    "recall": 0.9460431654676259,
    "f1-score": 0.9648988731224256,
    "support": 278
  }
}