{
  "ingredient": {
    "precision": 0.9565217391304348,
    "recall": 0.6875,
    "f1-score": 0.8,
    "support": 32,
    "confused_with": {}
  },
  "unit": {
    "precision": 1.0,
    "recall": 1.0,
    "f1-score": 1.0,
    "support": 10,
    "confused_with": {}
  },
  "recipe": {
    "precision": 1.0,
    "recall": 0.9722222222222222,
    "f1-score": 0.9859154929577464,
    "support": 108,
    "confused_with": {}
  },
  "number": {
    "precision": 0.9765625,
    "recall": 0.9765625,
    "f1-score": 0.9765625,
    "support": 128,
    "confused_with": {
      "ingredient": 1
    }
  },
  "micro avg": {
    "precision": 0.9849624060150376,
    "recall": 0.9424460431654677,
    "f1-score": 0.9632352941176471,
    "support": 278
  },
  "macro avg": {
    "precision": 0.9832710597826086,
    "recall": 0.9090711805555556,
    "f1-score": 0.9406194982394366,
    "support": 278
  },
  "weighted avg": {
    "precision": 0.9842039411948701,
    "recall": 0.9424460431654677,
    "f1-score": 0.9607153713648797,
    "support": 278
  }
}