{
  "unit": {
    "precision": 1.0,
    "recall": 1.0,
    "f1-score": 1.0,
    "support": 18,
    "confused_with": {}
  },
  "recipe": {
    "precision": 1.0,
    "recall": 0.9940119760479041,
    "f1-score": 0.996996996996997,
    "support": 167,
    "confused_with": {}
  },
  "number": {
    "precision": 0.9924812030075187,
    "recall": 0.9814126394052045,
    "f1-score": 0.9869158878504672,
    "support": 269,
    "confused_with": {
      "ingredient": 3
    }
  },
  "ingredient": {
    "precision": 0.9285714285714286,
    "recall": 0.8666666666666667,
    "f1-score": 0.896551724137931,
    "support": 45,
    "confused_with": {
      "number": 1
    }
  },
  "micro avg": {
    "precision": 0.9898373983739838,
    "recall": 0.9759519038076152,
    "f1-score": 0.9828456104944502,
    "support": 499
  },
  "macro avg": {
    "precision": 0.980263157894737,
    "recall": 0.9605228205299439,
    "f1-score": 0.9701161522463488,
    "support": 499
  },
  "weighted avg": {
    "precision": 0.9895053264423583,
    "recall": 0.9759519038076152,
    "f1-score": 0.9826126250831284,
    "support": 499
  }
}