{
  "stop": {
    "precision": 1.0,
    "recall": 1.0,
    "f1-score": 1.0,
    "support": 11,
    "confused_with": {}
  },
  "how_much_ing": {
    "precision": 1.0,
    "recall": 0.9411764705882353,
    "f1-score": 0.9696969696969697,
    "support": 17,
    "confused_with": {
      "chitchatfaq": 1
    }
  },
  "chitchatfaq": {
    "precision": 0.8990825688073395,
    "recall": 0.9423076923076923,
    "f1-score": 0.92018779342723,
    "support": 104,
    "confused_with": {
      "show_shopping_list": 2,
      "ask_recipe": 2
    }
  },
  "user_ready": {
    "precision": 0.92,
    "recall": 0.9387755102040817,
    "f1-score": 0.9292929292929293,
    "support": 49,
    "confused_with": {
      "chitchatfaq": 2,
      "skip_step": 1
    }
  },
  "show_shopping_list": {
    "precision": 0.9230769230769231,
    "recall": 0.96,
    "f1-score": 0.9411764705882353,
    "support": 25,
    "confused_with": {
      "chitchatfaq": 1
    }
  },
  "inform_num_people": {
    "precision": 0.9444444444444444,
    "recall": 0.9714285714285714,
    "f1-score": 0.9577464788732395,
    "support": 35,
    "confused_with": {
      "select_recipe": 1
    }
  },
  "add_recipe_to_list": {
    "precision": 0.9375,
    "recall": 1.0,
    "f1-score": 0.967741935483871,
    "support": 15,
    "confused_with": {}
  },
  "back_step": {
    "precision": 1.0,
    "recall": 1.0,
    "f1-score": 1.0,
    "support": 12,
    "confused_with": {}
  },
  "affirm": {
    "precision": 0.9411764705882353,
    "recall": 0.7619047619047619,
    "f1-score": 0.8421052631578947,
    "support": 21,
    "confused_with": {
      "chitchatfaq": 3,
      "user_ready": 1
    }
  },
  "out_of_scope": {
    "precision": 1.0,
    "recall": 0.2,
    "f1-score": 0.33333333333333337,
    "support": 5,
    "confused_with": {
      "chitchatfaq": 2,
      "inform_num_people": 1,
      "ask_recipe": 1
    }
  },
  "ask_recipe": {
    "precision": 0.896551724137931,
    "recall": 0.9629629629629629,
    "f1-score": 0.9285714285714286,
    "support": 27,
    "confused_with": {
      "chitchatfaq": 1
    }
  },
  "skip_step": {
    "precision": 0.9523809523809523,
    "recall": 0.9523809523809523,
    "f1-score": 0.9523809523809523,
    "support": 21,
    "confused_with": {
      "user_ready": 1
    }
  },
  "remove_shop_item": {
    "precision": 1.0,
    "recall": 1.0,
    "f1-score": 1.0,
    "support": 7,
    "confused_with": {}
  },
  "select_recipe": {
    "precision": 0.9857142857142858,
    "recall": 0.9857142857142858,
    "f1-score": 0.9857142857142858,
    "support": 70,
    "confused_with": {
      "inform_num_people": 1
    }
  },
  "user_did_not_understand": {
    "precision": 1.0,
    "recall": 1.0,
    "f1-score": 1.0,
    "support": 11,
    "confused_with": {}
  },
  "deny": {
    "precision": 1.0,
    "recall": 0.8,
    "f1-score": 0.888888888888889,
    "support": 10,
    "confused_with": {
      "user_ready": 1,
      "chitchatfaq": 1
    }
  },
  "add_shop_ing": {
    "precision": 0.9230769230769231,
    "recall": 0.9230769230769231,
    "f1-score": 0.9230769230769231,
    "support": 13,
    "confused_with": {
      "add_recipe_to_list": 1
    }
  },
  "show_ing_list": {
    "precision": 1.0,
    "recall": 1.0,
    "f1-score": 1.0,
    "support": 6,
    "confused_with": {}
  },
  "accuracy": 0.9411764705882353,
  "macro avg": {
    "precision": 0.9623891273459465,
    "recall": 0.9077626739204704,
    "f1-score": 0.918884091804788,
    "support": 459
  },
  "weighted avg": {
    "precision": 0.9428130026634401,
    "recall": 0.9411764705882353,
    "f1-score": 0.9381211214541637,
    "support": 459
  }
}